,futures_spot_return_corr,pair_overlap_rows
gold,0.8541294438428556,3100.0
silver,0.8680878070523738,3100.0
platinum,0.926570365574015,3100.0
palladium,0.944448187786282,3100.0
