target,model_family,model,feature_set,r2_mean,r2_std,rmse_mean,rmse_std,mae_mean,mae_std,test_std_mean,test_std_std
tci_same_scale_MTC,AR,AR_Ridge,target_lags,0.9979147865099023,0.0018917385886434398,0.13750922477694838,0.054431066373952786,0.09113135966672398,0.030005296048461038,3.307622845962399,0.9039787911594862
tci_same_scale_STC,AR,AR_Ridge,target_lags,0.9778587045068244,0.01566306916484903,0.33069165076081586,0.17725523853762443,0.18451883174979936,0.08098525800487115,2.706564177332281,1.7713666593322646
tci_within_gold,AR,AR_Ridge,target_lags,0.9986517917170404,0.0001246543111955024,0.3891048388034685,0.10913949933930486,0.2706146616624275,0.07556191766967882,10.56678581062743,2.765518158463701
tci_within_palladium,AR,AR_Ridge,target_lags,0.9988089283007543,0.0010669186390734144,0.3200178111551865,0.18075969132962544,0.17785155617902362,0.07633136805739756,9.675243887890026,1.625521670122426
tci_within_platinum,AR,AR_Ridge,target_lags,0.9715888285483332,0.04698932287304411,0.5211175176889276,0.4432900586517123,0.21356315615789648,0.05103564950057302,6.334569107141765,2.4585409487522654
tci_within_silver,AR,AR_Ridge,target_lags,0.9917802862781108,0.00592674568495482,0.5084284714846362,0.25922586426101557,0.288313788531384,0.07948401328392549,5.70247174910763,0.8992636050358169
