coverage_ratio,non_missing,variable
0.9992979992979993,2847,financial_stress
0.9926289926289926,2828,industrial_production
0.20463320463320464,583,credit_spread_ig
0.20463320463320464,583,credit_spread_hy
